iter	Accuracy	Logloss
0	0.8512974052	0.6461338797
1	0.8463073852	0.6067950768
2	0.8602794411	0.5732327459
3	0.8582834331	0.5443994823
4	0.8562874251	0.518965487
5	0.8532934132	0.4996431088
6	0.8522954092	0.4763247248
7	0.8602794411	0.458975573
8	0.8622754491	0.442712445
9	0.8632734531	0.4307983764
10	0.8642714571	0.4194324973
11	0.8612774451	0.4100776109
12	0.8632734531	0.4011338285
13	0.8652694611	0.3920456207
